author_id,author_name
1,Rae Vasyunin
2,Sandro Berntssen
3,Cher Henner
4,Friederike Hampe
5,Jackson Carey
6,Astra Baroche
7,Mychal Zuenelli
8,Sauveur Braunton
9,Carroll Scolts
10,Rodger Clowton
11,Codi Whitehair
12,Glenn Johanchon
13,Adria Fitzpayn
14,Alia Brauninger
15,Creighton Beine
16,Joyann Crannach
17,Sallie Garthland
18,Tressa Gartery
19,Tam Pinwell
20,Rose MacNockater
21,Tansy Speke
22,Alphard Spore
23,Tim Burtwistle
24,Mikkel Baudry
25,Paddy Vignal
26,Dorotea Pirdy
27,Richardo Dunford
28,Sandra Goghin
29,Lotte Donkersley
30,Pyotr Zanicchelli
31,Vere Cowen
32,Kinny Buscombe
33,Charlie MacCart
34,Britte Fox
35,Lloyd Kinder
36,Hallie Spon
37,Sinclare McGeachy
38,Hector De Courtney
39,Ade Gircke
40,Sibel Millican
41,Ted Godwyn
42,Cobb Haylett
43,Dame MacEvilly
44,Dale Scroggins
45,Alfons Cabena
46,Kissiah McGuiney
47,Faber McLauchlin
48,Thibaut Henric
49,Park Maslin
50,Twyla Iannuzzi
