member_id,name,phone,email,address,role_id
1,Virgie Conkay,466-385-1526,vconkay0@hao123.com,6 Bobwhite Park,1
2,Rozanna Vlasyev,766-392-0284,rvlasyev1@dmoz.org,284 Continental Circle,2
3,Nolana Settle,684-512-1909,nsettle2@unblog.fr,284 Tomscot Avenue,2
4,Clare Rookesby,868-739-9231,crookesby3@altervista.org,1862 Sachs Hill,2
5,Mel Byforth,635-664-2720,mbyforth4@jimdo.com,63 Crescent Oaks Drive,2
6,Rosco Linstead,807-775-4630,rlinstead5@imdb.com,137 Drewry Hill,3
7,Ulrikaumeko Ruddlesden,248-105-2667,uruddlesden6@google.ru,56 Thackeray Road,2
8,Sharron Glenwright,731-935-9710,sglenwright7@cnbc.com,5457 Dorton Hill,1
9,Kristofer Danilov,392-903-2904,kdanilov8@miibeian.gov.cn,1887 Lillian Lane,2
10,Idette Orrom,433-975-9695,iorrom9@redcross.org,449 Orin Circle,2
11,Denyse Skayman,840-648-1305,dskaymana@pen.io,7906 Starling Avenue,3
12,Regina Griston,803-480-0399,rgristonb@g.co,6 Fisk Alley,3
13,Geri Harrhy,892-820-0201,gharrhyc@arstechnica.com,09 Randy Junction,3
14,Mead Halliburton,191-794-4211,mhalliburtond@boston.com,8 Forest Dale Junction,3
15,Alena Carlin,271-523-1926,acarline@livejournal.com,7 Manley Park,2
16,Tori Wear,429-168-5413,twearf@people.com.cn,97 Talmadge Place,1
17,Susie Hanning,762-826-1540,shanningg@slideshare.net,6475 Johnson Junction,3
18,Chan Entres,324-983-3417,centresh@tiny.cc,6306 Talmadge Alley,2
19,Cherlyn Bartleet,629-166-5206,cbartleeti@un.org,412 Mifflin Center,2
20,Tabbie Mintrim,657-158-1531,tmintrimj@comcast.net,22739 Arapahoe Place,3
21,Hanna Burnhams,202-928-9493,hburnhamsk@histats.com,97500 Dennis Circle,2
22,Corty Mannock,665-501-5925,cmannockl@wp.com,5242 Mosinee Terrace,2
23,Zacharias Atcock,342-945-7020,zatcockm@trellian.com,13731 Memorial Circle,1
24,Gunter Dolby,759-658-1080,gdolbyn@amazon.com,5285 Novick Point,1
25,Godart Geare,552-223-7947,ggeareo@forbes.com,677 Corben Center,2
26,Philippa Walenta,270-808-9986,pwalentap@privacy.gov.au,331 Annamark Way,1
27,Benny Seabrocke,867-388-5153,bseabrockeq@aol.com,5462 Lyons Road,2
28,Dulsea Rodman,449-618-3623,drodmanr@naver.com,1826 Vera Junction,1
29,Halette Bounds,353-170-2620,hboundss@businesswire.com,63 Burrows Avenue,2
30,Wright Maskew,767-639-2684,wmaskewt@parallels.com,58730 Rigney Center,2
31,Keven Gellan,594-781-4734,kgellanu@disqus.com,2 Crowley Point,3
32,Smitty Dussy,170-145-2999,sdussyv@biglobe.ne.jp,91 Old Shore Way,2
33,Jobi Notton,843-667-9835,jnottonw@goo.ne.jp,6 Bay Hill,3
34,Clarissa Wager,203-593-7900,cwagerx@hhs.gov,230 Manufacturers Road,3
35,Myrilla Aitchinson,330-626-2264,maitchinsony@xrea.com,32930 School Trail,2
36,Junia Joret,311-174-8611,jjoretz@home.pl,0 Oriole Plaza,3
37,Zachary Waliszek,530-477-7011,zwaliszek10@si.edu,74254 Fuller Street,1
38,Nanci McGerr,712-922-6649,nmcgerr11@smugmug.com,564 Roxbury Junction,2
39,Dolli McFadyen,468-934-3903,dmcfadyen12@furl.net,089 Gerald Trail,1
40,Katharina Waker,705-498-8666,kwaker13@businesswire.com,659 Eggendart Avenue,1
41,Jess Waye,651-662-7553,jwaye14@wikipedia.org,0260 Beilfuss Center,1
42,Anthea Handke,686-767-6878,ahandke15@booking.com,04 Sherman Trail,3
43,Laurent Dolley,732-591-3158,ldolley16@w3.org,1841 Sundown Road,2
44,Pearla Goscomb,768-450-2073,pgoscomb17@cnn.com,2353 Merrick Terrace,3
45,Boyd Mallabon,915-302-9677,bmallabon18@squidoo.com,947 Morningstar Center,2
46,Chelsey Lawlan,723-555-9149,clawlan19@pinterest.com,56429 Clemons Lane,3
47,Izaak Derrington,489-118-2501,iderrington1a@auda.org.au,3 Crowley Trail,2
48,Carmine Sofe,992-269-2382,csofe1b@bravesites.com,73 Loomis Avenue,3
49,Poppy Du Fray,807-727-8171,pdu1c@hao123.com,4575 Sherman Terrace,2
50,Nerita Ladyman,474-515-4761,nladyman1d@theguardian.com,248 Loeprich Pass,2
51,Fitzgerald Brummitt,545-244-9242,fbrummitt1e@google.co.jp,01 Evergreen Crossing,3
52,Amby Gavini,550-333-0469,agavini1f@ted.com,2014 Boyd Road,1
53,Sarene Gouldbourn,316-606-2995,sgouldbourn1g@about.com,698 Golden Leaf Way,1
54,Wilma Refford,220-550-0044,wrefford1h@tripadvisor.com,97701 Kim Court,3
55,Nikki Swate,538-554-9987,nswate1i@netvibes.com,23 Clyde Gallagher Court,2
56,Jacklin Forber,127-709-3799,jforber1j@instagram.com,1 1st Point,2
57,Jereme Tremberth,856-858-2982,jtremberth1k@princeton.edu,5179 Butterfield Avenue,3
58,Jade Fordy,948-553-7266,jfordy1l@hostgator.com,289 Lukken Hill,2
59,Lu Aikett,277-662-7651,laikett1m@reverbnation.com,7 Drewry Street,2
60,Marilin Ringwood,896-182-9132,mringwood1n@psu.edu,81778 Spohn Junction,1
61,Kay Skones,401-507-7540,kskones1o@howstuffworks.com,239 Green Hill,2
62,Kariotta Waycot,708-293-0503,kwaycot1p@drupal.org,17 3rd Way,3
63,Levey Spybey,630-413-5704,lspybey1q@hp.com,776 Pearson Street,3
64,Dorrie Moggan,157-939-2118,dmoggan1r@imgur.com,5546 Melody Circle,2
65,Lyda Pomery,276-854-4648,lpomery1s@unc.edu,0 Corben Point,1
66,Merci Phibb,884-612-4742,mphibb1t@wisc.edu,14647 Morrow Alley,3
67,Augie Burnet,915-194-5869,aburnet1u@businessweek.com,9 Charing Cross Point,2
68,Greg Milnthorpe,105-221-7148,gmilnthorpe1v@europa.eu,9974 Ridge Oak Avenue,2
69,Florrie Cawthorn,310-474-9173,fcawthorn1w@msn.com,68682 Pawling Hill,2
70,Giralda Elcoate,195-694-4919,gelcoate1x@plala.or.jp,379 Dottie Drive,2
71,Kalinda Godridge,407-720-5019,kgodridge1y@ca.gov,65463 Cody Road,1
72,Bartholomeus Hanham,884-516-8282,bhanham1z@samsung.com,397 Barnett Plaza,3
73,Sianna Sauvan,817-375-8646,ssauvan20@census.gov,1239 Hayes Pass,3
74,Nicola Southcott,356-900-5980,nsouthcott21@wordpress.com,5804 Victoria Road,2
75,Rich Crunkhorn,658-424-4717,rcrunkhorn22@exblog.jp,55 Northland Circle,2
76,Ora Tackes,662-589-7464,otackes23@ameblo.jp,229 Warrior Street,2
77,Angelico Shilstone,501-312-7606,ashilstone24@guardian.co.uk,79769 Graedel Lane,1
78,Sidoney Sidery,163-216-3535,ssidery25@sciencedirect.com,13 Cascade Point,3
79,Minor Petrescu,522-986-6696,mpetrescu26@shop-pro.jp,30952 Corscot Junction,3
80,Ryley Cantopher,186-668-1347,rcantopher27@state.tx.us,3 Gateway Plaza,2
81,Inna Bleesing,645-152-2169,ibleesing28@illinois.edu,5455 Brentwood Crossing,3
82,Sheba Dukes,283-932-3437,sdukes29@goo.ne.jp,75946 Arrowood Street,3
83,Ashlie Awton,870-985-8207,aawton2a@squarespace.com,92478 Saint Paul Plaza,2
84,Sadye Robens,358-637-5557,srobens2b@list-manage.com,6 Moose Drive,2
85,Augustine Keene,729-912-6186,akeene2c@ovh.net,08368 Schiller Terrace,1
86,Garfield Painten,127-516-7921,gpainten2d@nytimes.com,590 Aberg Road,2
87,Spencer Bodesson,229-579-5409,sbodesson2e@infoseek.co.jp,9 Grim Pass,1
88,Derry Lusk,711-693-7052,dlusk2f@usatoday.com,0 Parkside Junction,3
89,Elston Baldrey,287-312-6091,ebaldrey2g@phpbb.com,79098 Larry Road,1
90,Pauletta Doxsey,992-721-1642,pdoxsey2h@ycombinator.com,0352 Cherokee Drive,1
91,Dominique Kemston,321-617-0274,dkemston2i@vimeo.com,35 Sheridan Avenue,1
92,Grace Pennoni,859-801-3897,gpennoni2j@nsw.gov.au,6461 Service Road,3
93,Floris Powlesland,795-917-9581,fpowlesland2k@soundcloud.com,3392 Badeau Circle,2
94,Geri Skeggs,770-112-2835,gskeggs2l@canalblog.com,185 Amoth Point,2
95,Shelby Athey,443-364-6380,sathey2m@shutterfly.com,8 1st Lane,1
96,Moss Tomenson,177-536-0399,mtomenson2n@mediafire.com,555 Carioca Center,3
97,Gnni Patron,489-463-6723,gpatron2o@uiuc.edu,25733 Columbus Alley,2
98,Carena McVicker,352-823-4301,cmcvicker2p@disqus.com,7300 Lindbergh Trail,3
99,Aileen Garfath,715-139-7298,agarfath2q@redcross.org,5 Killdeer Road,2
100,Tonie Revel,820-726-6751,trevel2r@yelp.com,59 Orin Drive,3
